{
  "e_1": ["c_3", "c_5", "c_7", "c_12", "c_11", "c_9", "c_2", "c_1", "c_15", "c_13", "c_14", "c_6", "c_8", "c_10", "c_4"],
  "e_2": ["c_6", "c_5", "c_8", "c_1", "c_10", "c_3", "c_2", "c_7", "c_15", "c_9", "c_11", "c_12", "c_14", "c_4", "c_13"],
  "e_3": ["c_11", "c_14", "c_5", "c_9", "c_13", "c_6", "c_2", "c_7", "c_10", "c_3", "c_8", "c_15", "c_1", "c_4", "c_12"],
  "e_4": ["c_10", "c_7", "c_11", "c_2", "c_5", "c_9", "c_12", "c_1", "c_8", "c_13", "c_6", "c_3", "c_4", "c_15", "c_14"],
  "e_5": ["c_15", "c_4", "c_6", "c_10", "c_12", "c_1", "c_2", "c_7", "c_13", "c_5", "c_3", "c_9", "c_11", "c_14", "c_8"],
  "e_6": ["c_1", "c_5", "c_8", "c_4", "c_12", "c_13", "c_14", "c_7", "c_9", "c_2", "c_10", "c_6", "c_3", "c_15", "c_11"],
  "e_7": ["c_11", "c_6", "c_5", "c_8", "c_2", "c_10", "c_1", "c_12", "c_13", "c_14", "c_3", "c_15", "c_4", "c_9", "c_7"],
  "e_8": ["c_7", "c_13", "c_11", "c_14", "c_4", "c_12", "c_8", "c_10", "c_3", "c_1", "c_2", "c_15", "c_6", "c_9", "c_5"],
  "e_9": ["c_3", "c_6", "c_7", "c_9", "c_13", "c_1", "c_5", "c_11", "c_10", "c_2", "c_12", "c_15", "c_4", "c_8", "c_14"],
  "e_10": ["c_12", "c_1", "c_14", "c_10", "c_5", "c_9", "c_6", "c_11", "c_13", "c_4", "c_7", "c_2", "c_15", "c_3", "c_8"],
  "e_11": ["c_13", "c_3", "c_1", "c_2", "c_10", "c_6", "c_4", "c_12", "c_7", "c_14", "c_9", "c_11", "c_8", "c_15", "c_5"],
  "e_12": ["c_2", "c_11", "c_3", "c_1", "c_9", "c_7", "c_12", "c_14", "c_4", "c_6", "c_8", "c_13", "c_10", "c_5", "c_15"],
  "e_13": ["c_5", "c_12", "c_14", "c_1", "c_7", "c_10", "c_6", "c_4", "c_9", "c_3", "c_13", "c_15", "c_11", "c_2", "c_8"],
  "e_14": ["c_6", "c_3", "c_4", "c_12", "c_13", "c_5", "c_14", "c_2", "c_9", "c_1", "c_8", "c_11", "c_15", "c_10", "c_7"],
  "e_15": ["c_9", "c_7", "c_13", "c_2", "c_12", "c_11", "c_5", "c_14", "c_4", "c_6", "c_10", "c_8", "c_3", "c_1", "c_15"],
  "e_16": ["c_4", "c_6", "c_8", "c_1", "c_13", "c_5", "c_2", "c_7", "c_14", "c_10", "c_3", "c_12", "c_15", "c_9", "c_11"],
  "e_17": ["c_7", "c_8", "c_9", "c_4", "c_3", "c_14", "c_5", "c_13", "c_6", "c_10", "c_15", "c_1", "c_12", "c_2", "c_11"],
  "e_18": ["c_15", "c_10", "c_6", "c_11", "c_2", "c_3", "c_4", "c_13", "c_7", "c_5", "c_14", "c_1", "c_9", "c_12", "c_8"],
  "e_19": ["c_8", "c_3", "c_14", "c_7", "c_2", "c_13", "c_12", "c_10", "c_6", "c_1", "c_15", "c_9", "c_4", "c_11", "c_5"],
  "e_20": ["c_10", "c_6", "c_14", "c_12", "c_8", "c_13", "c_3", "c_7", "c_1", "c_2", "c_5", "c_9", "c_11", "c_4", "c_15"]
}
