{
  "c_1": ["e_2", "e_19", "e_8", "e_4", "e_12", "e_1", "e_7", "e_10", "e_16", "e_18", "e_3", "e_5", "e_6", "e_20", "e_15", "e_13", "e_14", "e_9", "e_11", "e_17"],
  "c_2": ["e_13", "e_12", "e_5", "e_6", "e_10", "e_18", "e_1", "e_8", "e_7", "e_2", "e_20", "e_9", "e_3", "e_14", "e_11", "e_17", "e_4", "e_19", "e_15", "e_16"],
  "c_3": ["e_16", "e_1", "e_20", "e_6", "e_12", "e_4", "e_10", "e_2", "e_3", "e_8", "e_13", "e_9", "e_5", "e_11", "e_15", "e_19", "e_14", "e_7", "e_17", "e_18"],
  "c_4": ["e_8", "e_18", "e_3", "e_5", "e_7", "e_14", "e_13", "e_9", "e_20", "e_17", "e_11", "e_2", "e_10", "e_4", "e_1", "e_6", "e_16", "e_15", "e_19", "e_12"],  
  "c_5": ["e_2", "e_19", "e_8", "e_4", "e_12", "e_1", "e_7", "e_10", "e_16", "e_18", "e_3", "e_5", "e_6", "e_20", "e_15", "e_13", "e_14", "e_9", "e_11", "e_17"],
  "c_6": ["e_13", "e_12", "e_5", "e_6", "e_10", "e_18", "e_1", "e_8", "e_7", "e_2", "e_20", "e_9", "e_3", "e_14", "e_11", "e_17", "e_4", "e_19", "e_15", "e_16"],
  "c_7": ["e_16", "e_1", "e_20", "e_6", "e_12", "e_4", "e_10", "e_2", "e_3", "e_8", "e_13", "e_9", "e_5", "e_11", "e_15", "e_19", "e_14", "e_7", "e_17", "e_18"],
  "c_8": ["e_8", "e_18", "e_3", "e_5", "e_7", "e_14", "e_13", "e_9", "e_20", "e_17", "e_11", "e_2", "e_10", "e_4", "e_1", "e_6", "e_16", "e_15", "e_19", "e_12"],  
  "c_9": ["e_2", "e_19", "e_8", "e_4", "e_12", "e_1", "e_7", "e_10", "e_16", "e_18", "e_3", "e_5", "e_6", "e_20", "e_15", "e_13", "e_14", "e_9", "e_11", "e_17"],
  "c_10": ["e_13", "e_12", "e_5", "e_6", "e_10", "e_18", "e_1", "e_8", "e_7", "e_2", "e_20", "e_9", "e_3", "e_14", "e_11", "e_17", "e_4", "e_19", "e_15", "e_16"],
  "c_11": ["e_16", "e_1", "e_20", "e_6", "e_12", "e_4", "e_10", "e_2", "e_3", "e_8", "e_13", "e_9", "e_5", "e_11", "e_15", "e_19", "e_14", "e_7", "e_17", "e_18"],
  "c_12": ["e_8", "e_18", "e_3", "e_5", "e_7", "e_14", "e_13", "e_9", "e_20", "e_17", "e_11", "e_2", "e_10", "e_4", "e_1", "e_6", "e_16", "e_15", "e_19", "e_12"],  
  "c_13": ["e_13", "e_12", "e_5", "e_6", "e_10", "e_18", "e_1", "e_8", "e_7", "e_2", "e_20", "e_9", "e_3", "e_14", "e_11", "e_17", "e_4", "e_19", "e_15", "e_16"],
  "c_14": ["e_16", "e_1", "e_20", "e_6", "e_12", "e_4", "e_10", "e_2", "e_3", "e_8", "e_13", "e_9", "e_5", "e_11", "e_15", "e_19", "e_14", "e_7", "e_17", "e_18"],
  "c_15": ["e_8", "e_18", "e_3", "e_5", "e_7", "e_14", "e_13", "e_9", "e_20", "e_17", "e_11", "e_2", "e_10", "e_4", "e_1", "e_6", "e_16", "e_15", "e_19", "e_12"]
}